id;Вид спорта;Раздел;Событие;Даты;Место;Ссылка в линии
rpl;Футбол;Футбол. Россия;РПЛ 2026/27;24.07.2026 – 29.05.2027;Россия;
rpl10;Футбол;Футбол. РПЛ, 10 тур;Краснодар – Зенит;10 тур: 09–11.10.2026 (матч 10.10);Краснодар;
rpl17;Футбол;Футбол. РПЛ, 17 тур;РПЛ: последний тур до зимы;04–07.12.2026;Россия;
rplrestart;Футбол;Футбол. Россия;РПЛ: возобновление сезона;26.02.2027;Россия;
rplzs;Футбол;Футбол. РПЛ, 28 тур;Зенит – Спартак;≈ май 2027 (28 тур);Санкт-Петербург;
rplfinal;Футбол;Футбол. РПЛ, 30 тур;РПЛ: финальный тур;29.05.2027;Россия;
cupgroups;Футбол;Футбол. Россия;Кубок России: группы Пути РПЛ;05–25.11.2026;Россия;
cupplayoff;Футбол;Футбол. Россия;Кубок России: плей-офф;03.03 – 19.05.2027;Россия;
cupfinal;Футбол;Футбол. Россия;Суперфинал Кубка России;06.06.2027;Место объявят позже;
rpl2728;Футбол;Футбол. Россия;Суперкубок России и старт РПЛ 2027/28;≈ июль 2027;?;
rusfriendly;Футбол;Футбол. Сборная;Сборная России: Иран, Намибия, Нигерия;29.09, 03.10, 06.10.2026;Казань / Екатеринбург / Нижний Новгород;
rusnov;Футбол;Футбол. Сборная;Сборная России: ноябрьские матчи;Окно 09–17.11.2026;?;
epl;Футбол;Футбол. Англия;АПЛ;21.08.2026 – 30.05.2027;Англия;
efl;Футбол;Футбол. Англия;Финал Кубка английской лиги;≈ 21.03.2027;Уэмбли, Лондон;
facup;Футбол;Футбол. Англия;Финал Кубка Англии;22.05.2027;Уэмбли, Лондон;
laliga;Футбол;Футбол. Испания;Ла Лига;15.08.2026 – 30.05.2027;Испания;
clasico1;Футбол;Футбол. Ла Лига, 10 тур;Эль Класико;24–25.10.2026;Камп Ноу, Барселона;
clasico2;Футбол;Футбол. Ла Лига, 35 тур;Эль Класико;08–09.05.2027;Сантьяго Бернабеу, Мадрид;
madderby;Футбол;Футбол. Ла Лига, 30 тур;Мадридское дерби;04.04.2027;Сантьяго Бернабеу;
supercopa;Футбол;Футбол. Испания;Суперкубок Испании;02–07.02.2027;Стамбул, стадион им. Ататюрка;
copadelrey;Футбол;Футбол. Испания;Финал Кубка Испании;24.04.2027;Севилья, Ла Картуха;
seriea;Футбол;Футбол. Италия;Серия А;23.08.2026 – 30.05.2027;Италия;
supercoppa;Футбол;Футбол. Италия;Суперкубок Италии;22.12.2026;Милан, «Сан-Сиро»;
coppaita;Футбол;Футбол. Италия;Финал Кубка Италии;19.05.2027;Рим, Олимпико;
bundesliga;Футбол;Футбол. Германия;Бундеслига;28.08.2026 – 22/23.05.2027;Германия;
dfbpokal;Футбол;Футбол. Германия;Финал Кубка Германии;29.05.2027;Берлин, Олимпиаштадион;
ligue1;Футбол;Футбол. Франция;Лига 1;23.08.2026 – 29.05.2027;Франция;
classique;Футбол;Футбол. Лига 1, 19 тур;Ле Классик: ПСЖ – Марсель;07.02.2027;Парк де Пренс, Париж;
cdf;Футбол;Футбол. Франция;Финал Кубка Франции;≈ 15.05.2027;Стад де Франс;
top5start;Футбол;Футбол. Европа;Старт сезонов топ-5 лиг 2027/28;≈ середина августа 2027;Европа;
ucl;Футбол;Футбол. Еврокубки;Лига чемпионов: общий этап;Туры 2–8: 13.10.2026 – 27.01.2027;Европа;
uclpo;Футбол;Футбол. Еврокубки;Лига чемпионов: плей-офф;16.02 – 05.05.2027;Европа;
uclfinal;Футбол;Футбол. Еврокубки;Финал Лиги чемпионов;05.06.2027;Мадрид, Метрополитано;
uel;Футбол;Футбол. Еврокубки;Лига Европы;"Общий этап до 28.01; плей-офф 18.02 – 06.05.2027";Европа;
uelfinal;Футбол;Футбол. Еврокубки;Финал Лиги Европы;26.05.2027;Франкфурт;
uecl;Футбол;Футбол. Еврокубки;Лига конференций;"Общий этап 15.10–17.12.2026; 1/2 29.04 и 06.05.2027";Европа;
ueclfinal;Футбол;Футбол. Еврокубки;Финал Лиги конференций;02.06.2027;Стамбул, стадион «Бешикташа»;
usc;Футбол;Футбол. Еврокубки;Суперкубок УЕФА;≈ 11.08.2027;Амстердам, Йохан Кройфф Арена;
ecdraws;Футбол;Футбол. Еврокубки;Жеребьёвки еврокубков 2027/28;≈ конец августа 2027;≈ Монако;
unl;Футбол;Футбол. Сборные;Лига наций УЕФА;24.09 – 17.11.2026;Европа;
unlqf;Футбол;Футбол. Сборные;Лига наций: 1/4 и стыки;25–30.03.2027;Европа;
unlf4;Футбол;Футбол. Сборные;Финал четырёх Лиги наций;09–13.06.2027;?;
eurodraw;Футбол;Футбол. Сборные;Жеребьёвка отбора Евро-2028;06.12.2026;Белфаст, ICC;
euroq;Футбол;Футбол. Сборные;Отбор Евро-2028;Март – ноябрь 2027;Европа;
asiancup;Футбол;Футбол. Сборные;Кубок Азии;07.01 – 05.02.2027;Саудовская Аравия: Эр-Рияд, Джидда, Эль-Хобар;
afcon;Футбол;Футбол. Сборные;Кубок Африки;19.06 – 17.07.2027;Кения, Танзания, Уганда;
wwc;Футбол;Футбол. Сборные;Женский чемпионат мира;24.06 – 25.07.2027;Бразилия, 8 городов;
goldcup;Футбол;Футбол. Сборные;Золотой кубок КОНКАКАФ;≈ лето 2027;?;
sudam;Футбол;Футбол. Южная Америка;Финал Южноамериканского кубка;21.11.2026;Барранкилья, Метрополитано;
libertadores;Футбол;Футбол. Южная Америка;Финал Кубка Либертадорес;28.11.2026;Монтевидео, Сентенарио;
intercont;Футбол;Футбол. Клубы;Межконтинентальный кубок ФИФА;Декабрь 2026;?;
mls;Футбол;Футбол. США;Финал MLS;18.12.2026;Стадион финалиста;
spl;Футбол;Футбол. Саудовская Аравия;Саудовская Про-лига;13.08.2026 – 29.05.2027;Саудовская Аравия;
ballondor;Футбол;Футбол. Награды;«Золотой мяч»;26.10.2026;Лондон, Палладиум;
khl;Хоккей;Хоккей. Регулярный чемпионат;КХЛ;05.09.2026 – 20.03.2027;Россия, Беларусь, Казахстан, Китай;
ovi;Хоккей;Хоккей. НХЛ;Овечкин: погоня за рекордом Гретцки;Осень 2026;НХЛ;
channelone;Хоккей;Хоккей. Сборная России;Кубок Первого канала;Декабрь 2026, окно паузы КХЛ 07–14.12;Москва, «ВТБ Арена»;
khlasg;Хоккей;Хоккей. КХЛ;Неделя звёзд КХЛ;05–08.02.2027;Минск-Арена;
gagarin;Хоккей;Хоккей. КХЛ;Кубок Гагарина: плей-офф;23.03 – 23.05.2027;Россия;
khl2728;Хоккей;Хоккей. КХЛ;Старт КХЛ 2027/28;≈ начало сентября 2027;?;
vhl;Хоккей;Хоккей. Россия;ВХЛ;02.09.2026 – 18.03.2027;Россия и др.;
mhl;Хоккей;Хоккей. Россия;МХЛ;с 06.09.2026;Россия;
nhl;Хоккей;Хоккей. Регулярный чемпионат;НХЛ;29.09.2026 – 10.04.2027;США и Канада;
heritage;Хоккей;Хоккей. НХЛ;Heritage Classic;25.10.2026;Виннипег;
gsfin;Хоккей;Хоккей. НХЛ в Европе;NHL Global Series;12 и 14.11.2026;Хельсинки;
gsger;Хоккей;Хоккей. НХЛ в Европе;NHL Global Series;18 и 20.12.2026;Дюссельдорф;
winterclassic;Хоккей;Хоккей. НХЛ;Winter Classic;31.12.2026;Солт-Лейк-Сити, Rice-Eccles Stadium;
nhlasg;Хоккей;Хоккей. НХЛ;Матч звёзд НХЛ;06.02.2027;Элмонт, UBS Arena;
stadium;Хоккей;Хоккей. НХЛ;Stadium Series;20.02.2027;Арлингтон, AT&T Stadium;
nhldeadline;Хоккей;Хоккей. НХЛ;НХЛ: дедлайн обменов;01.03.2027;—;
stanley;Хоккей;Хоккей. НХЛ;Кубок Стэнли: плей-офф и финал;≈ середина апреля – июнь 2027;США и Канада;
nhldraft;Хоккей;Хоккей. НХЛ;Драфт НХЛ;25–26.06.2027;Децентрализованный формат;
nhl2728;Хоккей;Хоккей. НХЛ;Старт НХЛ 2027/28;≈ начало октября 2027;?;
wjc27;Хоккей;Хоккей. IIHF;Молодёжный чемпионат мира;26.12.2026 – 05.01.2027;Эдмонтон и Ред-Дир, Канада;
wc27;Хоккей;Хоккей. IIHF;Чемпионат мира по хоккею;14–30.05.2027;"Дюссельдорф и Мангейм; открытие на Veltins-Arena";
wjc28;Хоккей;Хоккей. IIHF;Молодёжный чемпионат мира 2028;26.12.2027 – 05.01.2028;Тампере и Турку;
nba;Баскетбол;Баскетбол. Регулярный чемпионат;NBA;20.10.2026 – 11.04.2027;США и Канада;
nbacup;Баскетбол;Баскетбол. NBA;Кубок NBA;30.10 – 11.12.2026;Финал — Индианаполис;
nbamex;Баскетбол;Баскетбол. NBA;NBA Mexico City Game;07.11.2026;Мехико, Arena CDMX;
nbaxmas;Баскетбол;Баскетбол. NBA;Рождественские матчи NBA;25.12.2026;США;
nbaeu;Баскетбол;Баскетбол. NBA;NBA в Париже и Манчестере;14 и 17.01.2027;Accor Arena / Co-op Live;
nbadeadline;Баскетбол;Баскетбол. NBA;NBA: дедлайн обменов;11.02.2027;—;
nbaasg;Баскетбол;Баскетбол. NBA;Матч всех звёзд NBA;19–21.02.2027;Финикс;
nbapo;Баскетбол;Баскетбол. NBA;NBA: плей-офф и финал;"Плей-ин 13–16.04; плей-офф с 18.04; финал ≈ 03–19.06.2027";США и Канада;
nbadraft;Баскетбол;Баскетбол. NBA;Драфт NBA;23–24.06.2027;?;
nbaeurope;Баскетбол;Баскетбол. NBA;Старт NBA 2027/28 и NBA Europe;≈ октябрь 2027;Кандидаты: Лондон, Париж, Мадрид, Милан, Берлин, Стамбул и др.;
ecavote;Баскетбол;Баскетбол. Европа;Голосование Евролиги по проекту NBA Europe;05.10.2026;Вилла д’Эсте, озеро Комо;
vtb;Баскетбол;Баскетбол. Россия;Единая лига ВТБ;25.09.2026 – ≈ 10.04.2027;Россия;
vtbasg;Баскетбол;Баскетбол. Россия;Матч звёзд Единой лиги;14.02.2027;?;
vtbpo;Баскетбол;Баскетбол. Россия;Единая лига ВТБ: плей-офф;14.04 – 07.06.2027;Россия;
euroleague;Баскетбол;Баскетбол. Европа;Евролига;24.09.2026 – 16.04.2027;Европа;
elpo;Баскетбол;Баскетбол. Европа;Евролига: плей-ин и плей-офф;20.04 – 12.05.2027;Европа;
ff;Баскетбол;Баскетбол. Европа;Финал четырёх Евролиги;28 и 30.05.2027;? (Каунас, Валенсия или Белград);
eurocup;Баскетбол;Баскетбол. Европа;Еврокубок;29.09.2026 – 30.04.2027;Европа;
fibaq1;Баскетбол;Баскетбол. Сборные;Отбор на ЧМ-2027: 5-е окно;23.11 – 01.12.2026;—;
fibaq2;Баскетбол;Баскетбол. Сборные;Отбор на ЧМ-2027: последнее окно;22.02 – 02.03.2027;—;
eurobasketw;Баскетбол;Баскетбол. Сборные;Женский Евробаскет;16–27.06.2027;"Антверпен, Стокгольм, Эспоо; финал — Вильнюс";
fibawc;Баскетбол;Баскетбол. Сборные;Чемпионат мира по баскетболу;27.08 – 12.09.2027;Доха, Катар;
bjk;Теннис;Теннис. Сборные;BJK Cup Finals;22–27.09.2026;Шэньчжэнь;
chinaopen;Теннис;Теннис. ATP 500 / WTA 1000;China Open;30.09 – 11.10.2026;Пекин;
shanghai;Теннис;Теннис. Masters 1000;Shanghai Masters;≈ 05–18.10.2026;Шанхай;
wuhan;Теннис;Теннис. WTA 1000;Wuhan Open;12–18.10.2026;Ухань, Optics Valley International Tennis Center;
parismasters;Теннис;Теннис. Masters 1000;Paris Masters;31.10 – 08.11.2026;Paris La Défense Arena;
wtafinals;Теннис;Теннис. Итоговый турнир;WTA Finals;08–15.11.2026;Индиан-Уэллс, Indian Wells Tennis Garden;
atpfinals;Теннис;Теннис. Итоговый турнир;ATP Finals;15–22.11.2026;Турин, Inalpi Arena;
davis;Теннис;Теннис. Сборные;Кубок Дэвиса: финал восьми;24–29.11.2026, финал 29.11;Болонья, SuperTennis Arena;
nextgen;Теннис;Теннис. До 20 лет;Next Gen ATP Finals;09–13.12.2026;Реджо-Калабрия;
unitedcup;Теннис;Теннис. Сборные;United Cup;01–11.01.2027;Перт / Сидней;
ao;Теннис;Теннис. Большой шлем;Australian Open;17–31.01.2027 (квалификация с 11.01);Мельбурн;
iw;Теннис;Теннис. Masters 1000;Indian Wells;≈ 03–14.03.2027;США;
miami;Теннис;Теннис. Masters 1000;Miami Open;≈ 17–28.03.2027;Майами;
clay;Теннис;Теннис. Грунтовые Masters;Монте-Карло, Мадрид, Рим;≈ 04.04 – 16.05.2027;Европа;
rg;Теннис;Теннис. Большой шлем;Ролан Гаррос;23.05 – 06.06.2027;Париж;
wimbledon;Теннис;Теннис. Большой шлем;Уимблдон;28.06 – 11.07.2027;Лондон;
usmasters;Теннис;Теннис. Masters 1000;Канада и Цинциннати;≈ август 2027;Монреаль / Торонто / Цинциннати;
uso;Теннис;Теннис. Большой шлем;US Open;29.08 – 12.09.2027;Нью-Йорк;
asia27;Теннис;Теннис. Осень;Азиатская серия и Paris Masters;≈ октябрь – начало ноября 2027;Китай, Япония, Париж;
atpfinals27;Теннис;Теннис. Итоговый турнир;ATP Finals;≈ 14–21.11.2027;Италия;
topdog43;Единоборства;Кулачные бои. Россия;Top Dog 43;26.09.2026;Москва, ЦСКА Арена;
bkfc94;Единоборства;Кулачные бои;BKFC 94;26.09.2026;Манчестер;
ufcfn289;Единоборства;MMA. UFC;UFC Fight Night 289;27.09.2026;Лас-Вегас, UFC Apex;
ufc332;Единоборства;MMA. UFC;UFC 332;03.10.2026;Солт-Лейк-Сити, Delta Center;
aca208;Единоборства;MMA. Россия;ACA 208;04.10.2026;Грозный;
duboiswardley;Единоборства;Бокс. Тяжёлый вес;Дюбуа – Уордли 2;17.10.2026;Лондон;
ufc333;Единоборства;MMA. UFC;UFC 333;24.10.2026;Абу-Даби, Etihad Arena;
aca209;Единоборства;MMA. ACA;ACA в Душанбе;30.10.2026;Душанбе;
canelo;Единоборства;Бокс. Второй средний вес;Мбилли – Канело;31.10.2026;Эр-Рияд;
rccintro;Единоборства;MMA. Россия;RCC Intro;31.10 и 11.11.2026;Екатеринбург;
buatsi;Единоборства;Бокс. Полутяжёлый вес;Буатси – Хатчинсон 2;07.11.2026;Манчестер;
ufc334;Единоборства;MMA. UFC;UFC 334;14.11.2026;Нью-Йорк, Madison Square Garden;
ufcdoha;Единоборства;MMA. UFC;UFC Fight Night: Прохазка – Стирлинг;21.11.2026;Эр-Райян, Ali Bin Hamad Al-Attiyah Arena;
ufc335;Единоборства;MMA. UFC;UFC 335;12.12.2026;Лас-Вегас, T-Mobile Arena;
bivol;Единоборства;Бокс. Полутяжёлый вес;Бивол – Каллум Смит;12.12.2026;Екатеринбург, УГМК-Арена (RCC Boxing);
rccdec;Единоборства;Бокс. Россия;Вечера бокса RCC;08 и 15.12.2026;Екатеринбург;
beterbiev3;Единоборства;Бокс. Полутяжёлый вес;Бетербиев – Бивол 3;≈ апрель 2027;Челябинск, РМК-Арена;
ufcsydney;Единоборства;MMA. UFC;UFC Fight Night в Сиднее;07.02.2027;Сидней, Afterpay Arena;
f1aze;Автоспорт;Формула-1. Этап 2026;Гран-при Азербайджана;24–26.09.2026;Баку;
f1bah26;Автоспорт;Формула-1. Этап 2026;Гран-при Бахрейна;02–04.10.2026;Сахир, Bahrain International Circuit;
f1sgp;Автоспорт;Формула-1. Этап 2026;Гран-при Сингапура;09–11.10.2026;Марина-Бэй;
f1usa;Автоспорт;Формула-1. Этап 2026;Гран-при США;22–25.10.2026;Остин, COTA;
f1mex;Автоспорт;Формула-1. Этап 2026;Гран-при Мексики;29.10 – 01.11.2026;Мехико;
f1bra;Автоспорт;Формула-1. Этап 2026;Гран-при Бразилии;05–08.11.2026;Интерлагос;
f1lv;Автоспорт;Формула-1. Этап 2026;Гран-при Лас-Вегаса;19–21.11.2026;Лас-Вегас;
f1qat;Автоспорт;Формула-1. Этап 2026;Гран-при Катара;27–29.11.2026;Лусаил;
f1abu;Автоспорт;Формула-1. Финал сезона 2026;Гран-при Абу-Даби;04–06.12.2026;Яс-Марина;
f1test;Автоспорт;Формула-1;Предсезонные тесты Ф-1;24–27.02.2027;Бахрейн;
f1_2027;Автоспорт;Формула-1;Формула-1: сезон 2027;12.03 – 12.12.2027;24 Гран-при, 10 спринтов;
f1bah27;Автоспорт;Формула-1. Старт сезона 2027;Гран-при Бахрейна;12–14.03.2027;Сахир;
f1aus27;Автоспорт;Формула-1. Этап 2027;Гран-при Австралии;02–04.04.2027;Мельбурн;
f1mon27;Автоспорт;Формула-1. Этап 2027;Гран-при Монако;04–06.06.2027;Монте-Карло;
f1ita27;Автоспорт;Формула-1. Этап 2027;Гран-при Италии;03–05.09.2027;Монца;
f1aze27;Автоспорт;Формула-1. Этап 2027;Гран-при Азербайджана;24–26.09.2027;Баку;
f1tur27;Автоспорт;Формула-1. Этап 2027;Гран-при Турции;01–03.10.2027;Стамбул;
f1lv27;Автоспорт;Формула-1. Этап 2027;Гран-при Лас-Вегаса;18–20.11.2027;Лас-Вегас;
f1abu27;Автоспорт;Формула-1. Финал сезона 2027;Гран-при Абу-Даби;10–12.12.2027;Яс-Марина;
motogp26;Автоспорт;Мотоспорт;MotoGP: финиш сезона 2026;04.10 – 29.11.2026;Мотеги, Мандалика, Филлип-Айленд, Сепанг, Лусаил, Портимао, Валенсия;
motogp27;Автоспорт;Мотоспорт;MotoGP: сезон 2027;05.03 – ≈ ноябрь 2027;22 гонки, старт в Бурираме;
dakar;Автоспорт;Ралли-рейд;Ралли «Дакар»;01–15.01.2027;Саудовская Аравия;
rusgp;Зимние виды;Фигурное катание. Россия;Гран-при России по фигурному катанию;16.10.2026 – 28.02.2027;"1-й этап — Новосибирск; финал 25–28.02";
isugp;Зимние виды;Фигурное катание;Гран-при ISU;23.10 – 29.11.2026;Франция, Канада, Китай, США, Финляндия, Япония;
isugpf;Зимние виды;Фигурное катание;Финал Гран-при ISU;10–13.12.2026;Чунцин;
ruschamp;Зимние виды;Фигурное катание. Россия;Чемпионат России по фигурному катанию;16–21.12.2026;Челябинск, «Трактор»;
figeuro;Зимние виды;Фигурное катание;Чемпионат Европы по фигурному катанию;27–31.01.2027;Лозанна;
figworlds;Зимние виды;Фигурное катание;Чемпионат мира по фигурному катанию;17–21.03.2027;Тампере;
biawc;Зимние виды;Биатлон. IBU;Кубок мира по биатлону;26.11.2026 – 21.03.2027;Старт — Контиолахти, финиш — Осло;
cc1;Зимние виды;Биатлон. Россия;Кубок Содружества по биатлону: 1-й этап;26–29.11.2026;Ханты-Мансийск;
cc2;Зимние виды;Биатлон. Россия;Кубок Содружества по биатлону: 2-й этап;06–10.01.2027;Рязань;
cc3;Зимние виды;Биатлон. Россия;Кубок Содружества по биатлону: 3-й этап;17–21.02.2027;Раубичи, Беларусь;
cc4;Зимние виды;Биатлон. Россия;Кубок Содружества по биатлону: финал;01–04.04.2027;Мурманск;
biawch;Зимние виды;Биатлон. IBU;Чемпионат мира по биатлону;10–21.02.2027;Отепя, Эстония;
xcwc;Зимние виды;Лыжные гонки. FIS;Кубок мира по лыжным гонкам;27.11.2026 – 21.03.2027;Старт — Рука, финал — Ульрисехамн;
tds;Зимние виды;Лыжные гонки. FIS;Тур де Ски;01–10.01.2027;Франция, Германия, Италия;
falun;Зимние виды;Лыжи, прыжки, двоеборье;Чемпионат мира по лыжным видам;24.02 – 07.03.2027;Фалун, Швеция;
4hills;Зимние виды;Прыжки на лыжах;Турне четырёх трамплинов;29.12.2026 – 06.01.2027;Оберстдорф, Гармиш-Партенкирхен, Инсбрук, Бишофсхофен;
volm;Волейбол;Волейбол. Россия;Суперлига: мужчины;02.10.2026 – 01.05.2027;Россия;
volw;Волейбол;Волейбол. Россия;Суперлига: женщины;с 03.10.2026;Россия;
cevcl;Волейбол;Волейбол. Европа;Лига чемпионов CEV;Октябрь 2026 – ≈ май 2027;Европа;
cwcw;Волейбол;Волейбол;Клубный ЧМ по волейболу: женщины;08–13.12.2026;Сан-Паулу;
cwcm;Волейбол;Волейбол;Клубный ЧМ по волейболу: мужчины;15–20.12.2026;Катовице, Сосновец, Ченстохова;
volwwc;Волейбол;Волейбол. FIVB;Чемпионат мира по волейболу: женщины;20.08 – 05.09.2027;США и Канада;
volmwc;Волейбол;Волейбол. FIVB;Чемпионат мира по волейболу: мужчины;10–26.09.2027;Польша: Гданьск/Сопот, Катовице, Краков, Лодзь, Ольштын;
hbm;Гандбол;Гандбол. Россия;Суперлига: мужчины;30.08.2026 – 06.06.2027;Россия;
hbw;Гандбол;Гандбол. Россия;Суперлига: женщины;с 08.09.2026;Россия;
hbwcm;Гандбол;Гандбол. IHF;Чемпионат мира по гандболу: мужчины;13–31.01.2027;Германия, финал — Кёльн;
ehfw;Гандбол;Гандбол. Европа;Финал четырёх ЛЧ EHF: женщины;29–30.05.2027;Будапешт, MVM Dome;
ehfm;Гандбол;Гандбол. Европа;Финал четырёх ЛЧ EHF: мужчины;12–13.06.2027;Кёльн, LANXESS arena;
hbwcw;Гандбол;Гандбол. IHF;Чемпионат мира по гандболу: женщины;30.11 – 19.12.2027;Венгрия;
dl;Атлетика и плавание;Лёгкая атлетика;Бриллиантовая лига;30.04 – 27.08.2027;Старт — Доха, финал — Цюрих;
aquatics;Атлетика и плавание;Плавание и водные виды;Чемпионат мира по водным видам;26.06 – 18.07.2027;Будапешт;
wach;Атлетика и плавание;Лёгкая атлетика;Чемпионат мира по лёгкой атлетике;11–19.09.2027;Пекин, «Птичье гнездо»;
giro;Велоспорт;Велоспорт. Гранд-тур;Джиро д’Италия;08–30.05.2027;Италия;
tdf;Велоспорт;Велоспорт. Гранд-тур;Тур де Франс;02–25.07.2027;Старт — Эдинбург;
vuelta;Велоспорт;Велоспорт. Гранд-тур;Вуэльта;04–26.09.2027;Сантьяго-де-Компостела → Мадрид;
nfl;NFL и MLB;Американский футбол;NFL;09.09.2026 – 10.01.2027;США + 8 международных игр;
nflrio;NFL и MLB;Американский футбол;NFL в Бразилии;27.09.2026;Рио-де-Жанейро, Маракана;
nflparis;NFL и MLB;Американский футбол;NFL в Париже;25.10.2026;Стад де Франс;
nflpo;NFL и MLB;Американский футбол;NFL: плей-офф;с 16.01.2027;США;
sb;NFL и MLB;Американский футбол;Супербоул LXI;14.02.2027;SoFi Stadium, Инглвуд;
nfldraft;NFL и MLB;Американский футбол;Драфт NFL;29.04 – 01.05.2027;Вашингтон, Национальная аллея;
nfl27;NFL и MLB;Американский футбол;Старт NFL 2027;≈ начало сентября 2027;США;
mlbpo;NFL и MLB;Бейсбол;MLB: плей-офф;29.09 – 20.10.2026;США;
ws26;NFL и MLB;Бейсбол;Мировая серия MLB;23–31.10.2026;США;
mlb27;NFL и MLB;Бейсбол;MLB: сезон 2027;25.03 – 30.10.2027;США;
chess;Дартс, шахматы и др.;Шахматы. FIDE;Матч за шахматную корону;22.11 – 13.12.2026;Женева, Fondation Martin Bodmer (Колоньи);
ukchamp;Дартс, шахматы и др.;Снукер;UK Championship;28.11 – 06.12.2026;Йорк;
pdcwc;Дартс, шахматы и др.;Дартс;Чемпионат мира PDC;11.12.2026 – 03.01.2027;Лондон, Alexandra Palace;
masters;Дартс, шахматы и др.;Снукер;Мастерс по снукеру;10–17.01.2027;Лондон, Alexandra Palace;
pdcpl;Дартс, шахматы и др.;Дартс;Премьер-лига PDC;04.02 – 27.05.2027;17 вечеров: старт в Глазго, финал в Лондоне;
golfmasters;Дартс, шахматы и др.;Гольф. Мэйджор;Мастерс;08–11.04.2027;Огаста;
snookerwc;Дартс, шахматы и др.;Снукер;Чемпионат мира по снукеру;17.04 – 03.05.2027;Крусибл, Шеффилд;
pga;Дартс, шахматы и др.;Гольф. Мэйджор;PGA Championship;20–23.05.2027;Фриско;
usopengolf;Дартс, шахматы и др.;Гольф. Мэйджор;US Open (гольф);17–20.06.2027;Пеббл-Бич;
theopen;Дартс, шахматы и др.;Гольф. Мэйджор;The Open;15–18.07.2027;Сент-Эндрюс;
ryder;Дартс, шахматы и др.;Гольф;Райдер-кап;17–19.09.2027;Адэр-Мэнор, Ирландия;
rwc;Дартс, шахматы и др.;Регби;Чемпионат мира по регби;01.10 – 13.11.2027;Австралия: открытие в Перте, финал в Сиднее;
cwc;Дартс, шахматы и др.;Крикет;Чемпионат мира по крикету (ODI);04.10 – 21.11.2027;ЮАР, Зимбабве, Намибия;
asiangames;Мультиспорт;Мультиспорт;Азиатские игры;19.09 – 04.10.2026;Айти и Нагоя, Япония;
asianpara;Мультиспорт;Мультиспорт;Азиатские Параигры;18–24.10.2026;Нагоя;
yog;Мультиспорт;Мультиспорт. МОК;Юношеские Олимпийские игры;31.10 – 13.11.2026;Дакар, Сенегал;
wuni;Мультиспорт;Мультиспорт. FISU;Зимняя Универсиада;15–25.01.2027;Чанчунь, Китай;
africangames;Мультиспорт;Мультиспорт;Африканские игры;20.01 – 07.02.2027 (или 27.08 – 10.09.2027);Каир;
eurogames;Мультиспорт;Мультиспорт;Европейские игры;16–27.06.2027;Стамбул;
panam;Мультиспорт;Мультиспорт;Панамериканские игры;23.07 – 08.08.2027;Лима, Перу;
pacific;Мультиспорт;Мультиспорт;Тихоокеанские игры;24.07 – 07.08.2027;Таити;
suni;Мультиспорт;Мультиспорт. FISU;Летняя Универсиада;01–12.08.2027;Чхунчхон, Южная Корея;
seagames;Мультиспорт;Мультиспорт;Игры Юго-Восточной Азии;18–29.09.2027;Малайзия;
epl24;CS2;Киберспорт. CS2;ESL Pro League S24;24.09 – 11.10.2026 (плей-офф 09–11.10);Катовице, Spodek (LAN);
thunderpick;CS2;Киберспорт. CS2;Thunderpick World Championship;14–18.10.2026;Мальта, BLAST Studios;
pglbuch;CS2;Киберспорт. CS2;PGL Masters Bucharest;24–31.10.2026;Бухарест, PGL Studios;
iembeijing;CS2;Киберспорт. CS2;IEM Beijing;02–08.11.2026;Пекин, сцена 360°;
blastrivals;CS2;Киберспорт. CS2;BLAST Rivals Fall;11–15.11.2026;Гонконг;
major26;CS2;Киберспорт. CS2 Major;PGL Major Singapore;25.11 – 13.12.2026 (арена 10–13.12);Сингапур, Singapore Indoor Stadium;
bounty;CS2;Киберспорт. CS2;BLAST Bounty, сезон 1;11–24.01.2027;Шенгенская зона, город не объявлен;
pgljan;CS2;Киберспорт. CS2;PGL Bucharest;17–24.01.2027;Бухарест;
iemkrakow;CS2;Киберспорт. CS2;IEM Kraków;27.01 – 07.02.2027;Краков, TAURON Arena;
epl25;CS2;Киберспорт. CS2;ESL Pro League S25;06–14.03.2027;Саудовская Аравия;
blastopen1;CS2;Киберспорт. CS2;BLAST Open;17–28.03.2027;?;
iemusa;CS2;Киберспорт. CS2;IEM USA;05–11.04.2027;США;
iembrazil;CS2;Киберспорт. CS2;IEM Brazil;03–09.05.2027;Бразилия;
blastopen2;CS2;Киберспорт. CS2;BLAST Open;12–23.05.2027;?;
majorba;CS2;Киберспорт. CS2 Major;FiReMAJOR Buenos Aires;31.05 – 20.06.2027;Буэнос-Айрес, Аргентина;
ewccs;CS2;Киберспорт. Esports World Cup;EWC 2027: CS2;20.07 – 01.08.2027;Эр-Рияд;
eslaug;CS2;Киберспорт. CS2;Турнир ESL (≈ Кёльн);02–15.08.2027;?;
eslsep;CS2;Киберспорт. CS2;ESL Pro League S26;23.09 – 03.10.2027;?;
blastrio;CS2;Киберспорт. CS2;BLAST Open Rio;06–17.10.2027;Рио-де-Жанейро;
eslnov;CS2;Киберспорт. CS2;Турнир ESL;30.10 – 07.11.2027;?;
blastrivals27;CS2;Киберспорт. CS2;BLAST Rivals;10–14.11.2027;?;
majorsh;CS2;Киберспорт. CS2 Major;CS2 Major Shanghai;22.11 – 12.12.2027;Шанхай (Perfect World);
wal9;Dota 2;Киберспорт. Dota 2;PGL Wallachia S9;17–27.09.2026;Бухарест;
slam8;Dota 2;Киберспорт. Dota 2;BLAST Slam VIII;29.09 – 11.10.2026;Онлайн → Мальта, BLAST Arena Studios;
slam9;Dota 2;Киберспорт. Dota 2;BLAST Slam IX;23–29.11.2026;?;
dl30;Dota 2;Киберспорт. Dota 2;DreamLeague S30;02–13.12.2026;Онлайн;
dl31;Dota 2;Киберспорт. Dota 2;DreamLeague S31;20–31.01.2027;Онлайн;
wal10;Dota 2;Киберспорт. Dota 2;PGL Wallachia S10;02–14.03.2027;Бухарест?;
clavision;Dota 2;Киберспорт. Dota 2;Clavision × Dota PIT Masters;20–28.03.2027;?;
eslone;Dota 2;Киберспорт. Dota 2;ESL One Europe;04–11.04.2027;?;
dl32;Dota 2;Киберспорт. Dota 2;DreamLeague S32;26.04 – 09.05.2027;Онлайн;
wal11;Dota 2;Киберспорт. Dota 2;PGL Wallachia S11;11–23.05.2027;?;
ewcdota;Dota 2;Киберспорт. Esports World Cup;EWC 2027: Dota 2;≈ июль 2027;Эр-Рияд;
ti27;Dota 2;Киберспорт. Dota 2;The International 2027;≈ август – сентябрь 2027;Не объявлено;
wal12;Dota 2;Киберспорт. Dota 2;PGL Wallachia S12;19–31.10.2027;?;
worlds26;League of Legends;Киберспорт. League of Legends;LoL Worlds 2026;15.10 – 14.11.2026;Лос-Анджелес → Аллен (Техас) → финал в Barclays Center, Нью-Йорк;
firststand;League of Legends;Киберспорт. League of Legends;LoL First Stand 2027;≈ весна 2027;Юго-Восточная Азия;
msi27;League of Legends;Киберспорт. League of Legends;LoL MSI 2027;≈ май – июль 2027;Европа;
worlds27;League of Legends;Киберспорт. League of Legends;LoL Worlds 2027;≈ октябрь – ноябрь 2027;?;
champs26;Valorant;Киберспорт. Valorant;Valorant Champions 2026;24.09 – 18.10.2026;Шанхай;
fncs;Другие игры;Киберспорт. Fortnite;FNCS Global Championship;26–27.09.2026;?;
pmgc;Другие игры;Киберспорт. PUBG Mobile;PUBG Mobile Global Championship;≈ ноябрь – декабрь 2026;Турция;
pgc;Другие игры;Киберспорт. PUBG;PUBG Global Championship;01–13.12.2026;Стамбул;
m8;Другие игры;Киберспорт. Mobile Legends;MLBB M8 World Championship;≈ январь 2027;"Стамбул; Wild Card — Бангкок";
si27;Другие игры;Киберспорт. Rainbow Six;Six Invitational 2027;01–14.02.2027;Сан-Паулу, Suhai Music Hall;
ewc27;Другие игры;Киберспорт. Мультидисциплинарный;Esports World Cup 2027;16.07 – 01.08.2027;Эр-Рияд;
enc;Другие игры;Киберспорт. Сборные;Esports Nations Cup;Ноябрь 2027;Эр-Рияд;
