Раздел / лига;Вид спорта;Событий;Примеры событий;Ссылка в линии
MMA. ACA;Единоборства;1;ACA в Душанбе;
MMA. UFC;Единоборства;7;UFC Fight Night 289, UFC 332, UFC 333;
MMA. Россия;Единоборства;2;ACA 208, RCC Intro;
Американский футбол;NFL и MLB;7;NFL, NFL в Бразилии, NFL в Париже;
Баскетбол. NBA;Баскетбол;9;Кубок NBA, NBA Mexico City Game, Рождественские матчи NBA;
Баскетбол. Европа;Баскетбол;5;Голосование Евролиги по проекту NBA Europe, Евролига, Евролига: плей-ин и плей-офф;
Баскетбол. Регулярный чемпионат;Баскетбол;1;NBA;
Баскетбол. Россия;Баскетбол;3;Единая лига ВТБ, Матч звёзд Единой лиги, Единая лига ВТБ: плей-офф;
Баскетбол. Сборные;Баскетбол;4;Отбор на ЧМ-2027: 5-е окно, Отбор на ЧМ-2027: последнее окно, Женский Евробаскет;
Бейсбол;NFL и MLB;3;MLB: плей-офф, Мировая серия MLB, MLB: сезон 2027;
Биатлон. IBU;Зимние виды;2;Кубок мира по биатлону, Чемпионат мира по биатлону;
Биатлон. Россия;Зимние виды;4;Кубок Содружества по биатлону: 1-й этап, Кубок Содружества по биатлону: 2-й этап, Кубок Содружества по биатлону: 3-й этап;
Бокс. Второй средний вес;Единоборства;1;Мбилли – Канело;
Бокс. Полутяжёлый вес;Единоборства;3;Буатси – Хатчинсон 2, Бивол – Каллум Смит, Бетербиев – Бивол 3;
Бокс. Россия;Единоборства;1;Вечера бокса RCC;
Бокс. Тяжёлый вес;Единоборства;1;Дюбуа – Уордли 2;
Велоспорт. Гранд-тур;Велоспорт;3;Джиро д’Италия, Тур де Франс, Вуэльта;
Волейбол;Волейбол;2;Клубный ЧМ по волейболу: женщины, Клубный ЧМ по волейболу: мужчины;
Волейбол. FIVB;Волейбол;2;Чемпионат мира по волейболу: женщины, Чемпионат мира по волейболу: мужчины;
Волейбол. Европа;Волейбол;1;Лига чемпионов CEV;
Волейбол. Россия;Волейбол;2;Суперлига: мужчины, Суперлига: женщины;
Гандбол. IHF;Гандбол;2;Чемпионат мира по гандболу: мужчины, Чемпионат мира по гандболу: женщины;
Гандбол. Европа;Гандбол;2;Финал четырёх ЛЧ EHF: женщины, Финал четырёх ЛЧ EHF: мужчины;
Гандбол. Россия;Гандбол;2;Суперлига: мужчины, Суперлига: женщины;
Гольф;Дартс, шахматы и др.;1;Райдер-кап;
Гольф. Мэйджор;Дартс, шахматы и др.;4;Мастерс, PGA Championship, US Open (гольф);
Дартс;Дартс, шахматы и др.;2;Чемпионат мира PDC, Премьер-лига PDC;
Киберспорт. CS2;CS2;18;ESL Pro League S24, Thunderpick World Championship, PGL Masters Bucharest;
Киберспорт. CS2 Major;CS2;3;PGL Major Singapore, FiReMAJOR Buenos Aires, CS2 Major Shanghai;
Киберспорт. Dota 2;Dota 2;12;PGL Wallachia S9, BLAST Slam VIII, BLAST Slam IX;
Киберспорт. Esports World Cup;CS2;2;EWC 2027: CS2, EWC 2027: Dota 2;
Киберспорт. Fortnite;Другие игры;1;FNCS Global Championship;
Киберспорт. League of Legends;League of Legends;4;LoL Worlds 2026, LoL First Stand 2027, LoL MSI 2027;
Киберспорт. Mobile Legends;Другие игры;1;MLBB M8 World Championship;
Киберспорт. PUBG;Другие игры;1;PUBG Global Championship;
Киберспорт. PUBG Mobile;Другие игры;1;PUBG Mobile Global Championship;
Киберспорт. Rainbow Six;Другие игры;1;Six Invitational 2027;
Киберспорт. Valorant;Valorant;1;Valorant Champions 2026;
Киберспорт. Мультидисциплинарный;Другие игры;1;Esports World Cup 2027;
Киберспорт. Сборные;Другие игры;1;Esports Nations Cup;
Крикет;Дартс, шахматы и др.;1;Чемпионат мира по крикету (ODI);
Кулачные бои;Единоборства;1;BKFC 94;
Кулачные бои. Россия;Единоборства;1;Top Dog 43;
Лыжи, прыжки, двоеборье;Зимние виды;1;Чемпионат мира по лыжным видам;
Лыжные гонки. FIS;Зимние виды;2;Кубок мира по лыжным гонкам, Тур де Ски;
Лёгкая атлетика;Атлетика и плавание;2;Бриллиантовая лига, Чемпионат мира по лёгкой атлетике;
Мотоспорт;Автоспорт;2;MotoGP: финиш сезона 2026, MotoGP: сезон 2027;
Мультиспорт;Мультиспорт;7;Азиатские игры, Азиатские Параигры, Африканские игры;
Мультиспорт. FISU;Мультиспорт;2;Зимняя Универсиада, Летняя Универсиада;
Мультиспорт. МОК;Мультиспорт;1;Юношеские Олимпийские игры;
Плавание и водные виды;Атлетика и плавание;1;Чемпионат мира по водным видам;
Прыжки на лыжах;Зимние виды;1;Турне четырёх трамплинов;
Ралли-рейд;Автоспорт;1;Ралли «Дакар»;
Регби;Дартс, шахматы и др.;1;Чемпионат мира по регби;
Снукер;Дартс, шахматы и др.;3;UK Championship, Мастерс по снукеру, Чемпионат мира по снукеру;
Теннис. ATP 500 / WTA 1000;Теннис;1;China Open;
Теннис. Masters 1000;Теннис;5;Shanghai Masters, Paris Masters, Indian Wells;
Теннис. WTA 1000;Теннис;1;Wuhan Open;
Теннис. Большой шлем;Теннис;4;Australian Open, Ролан Гаррос, Уимблдон;
Теннис. Грунтовые Masters;Теннис;1;Монте-Карло, Мадрид, Рим;
Теннис. До 20 лет;Теннис;1;Next Gen ATP Finals;
Теннис. Итоговый турнир;Теннис;3;WTA Finals, ATP Finals, ATP Finals;
Теннис. Осень;Теннис;1;Азиатская серия и Paris Masters;
Теннис. Сборные;Теннис;3;BJK Cup Finals, Кубок Дэвиса: финал восьми, United Cup;
Фигурное катание;Зимние виды;4;Гран-при ISU, Финал Гран-при ISU, Чемпионат Европы по фигурному катанию;
Фигурное катание. Россия;Зимние виды;2;Гран-при России по фигурному катанию, Чемпионат России по фигурному катанию;
Формула-1;Автоспорт;2;Предсезонные тесты Ф-1, Формула-1: сезон 2027;
Формула-1. Старт сезона 2027;Автоспорт;1;Гран-при Бахрейна;
Формула-1. Финал сезона 2026;Автоспорт;1;Гран-при Абу-Даби;
Формула-1. Финал сезона 2027;Автоспорт;1;Гран-при Абу-Даби;
Формула-1. Этап 2026;Автоспорт;8;Гран-при Азербайджана, Гран-при Бахрейна, Гран-при Сингапура;
Формула-1. Этап 2027;Автоспорт;6;Гран-при Австралии, Гран-при Монако, Гран-при Италии;
Футбол. Англия;Футбол;3;АПЛ, Финал Кубка английской лиги, Финал Кубка Англии;
Футбол. Германия;Футбол;2;Бундеслига, Финал Кубка Германии;
Футбол. Еврокубки;Футбол;9;Лига чемпионов: общий этап, Лига чемпионов: плей-офф, Финал Лиги чемпионов;
Футбол. Европа;Футбол;1;Старт сезонов топ-5 лиг 2027/28;
Футбол. Испания;Футбол;3;Ла Лига, Суперкубок Испании, Финал Кубка Испании;
Футбол. Италия;Футбол;3;Серия А, Суперкубок Италии, Финал Кубка Италии;
Футбол. Клубы;Футбол;1;Межконтинентальный кубок ФИФА;
Футбол. Ла Лига, 10 тур;Футбол;1;Эль Класико;
Футбол. Ла Лига, 30 тур;Футбол;1;Мадридское дерби;
Футбол. Ла Лига, 35 тур;Футбол;1;Эль Класико;
Футбол. Лига 1, 19 тур;Футбол;1;Ле Классик: ПСЖ – Марсель;
Футбол. Награды;Футбол;1;«Золотой мяч»;
Футбол. РПЛ, 10 тур;Футбол;1;Краснодар – Зенит;
Футбол. РПЛ, 17 тур;Футбол;1;РПЛ: последний тур до зимы;
Футбол. РПЛ, 28 тур;Футбол;1;Зенит – Спартак;
Футбол. РПЛ, 30 тур;Футбол;1;РПЛ: финальный тур;
Футбол. Россия;Футбол;6;РПЛ 2026/27, РПЛ: возобновление сезона, Кубок России: группы Пути РПЛ;
Футбол. США;Футбол;1;Финал MLS;
Футбол. Саудовская Аравия;Футбол;1;Саудовская Про-лига;
Футбол. Сборная;Футбол;2;Сборная России: Иран, Намибия, Нигерия, Сборная России: ноябрьские матчи;
Футбол. Сборные;Футбол;9;Лига наций УЕФА, Лига наций: 1/4 и стыки, Финал четырёх Лиги наций;
Футбол. Франция;Футбол;2;Лига 1, Финал Кубка Франции;
Футбол. Южная Америка;Футбол;2;Финал Южноамериканского кубка, Финал Кубка Либертадорес;
Хоккей. IIHF;Хоккей;3;Молодёжный чемпионат мира, Чемпионат мира по хоккею, Молодёжный чемпионат мира 2028;
Хоккей. КХЛ;Хоккей;3;Неделя звёзд КХЛ, Кубок Гагарина: плей-офф, Старт КХЛ 2027/28;
Хоккей. НХЛ;Хоккей;9;Овечкин: погоня за рекордом Гретцки, Heritage Classic, Winter Classic;
Хоккей. НХЛ в Европе;Хоккей;2;NHL Global Series, NHL Global Series;
Хоккей. Регулярный чемпионат;Хоккей;2;КХЛ, НХЛ;
Хоккей. Россия;Хоккей;2;ВХЛ, МХЛ;
Хоккей. Сборная России;Хоккей;1;Кубок Первого канала;
Шахматы. FIDE;Дартс, шахматы и др.;1;Матч за шахматную корону;
